,Title,Rating,Language
0,Machine Learning,4.739922694643843,English
1,Indigenous Canada,4.816438356164384,English
2,The Science of Well-Being,4.929503597999756,English
3,Technical Support Fundamentals,4.76748237245956,English
4,Become a CBRS Certified Professional Installer by Google,4.818181818181818,English
5,Financial Markets,4.811454311454312,English
6,Introduction to Psychology,4.852736318407961,English
7,Programming for Everybody (Getting Started with Python),4.583672665177985,English
8,The Bits and Bytes of Computer Networking,4.628921670475795,English
9,AI For Everyone,4.845112374763065,English
10,Crash Course on Python,4.7251624883936865,English
11,Psychological First Aid,4.841421736158578,English
12,Neural Networks and Deep Learning,4.77123332248617,English
13,What is Data Science?,4.622820062187373,English
14,Successful Negotiation: Essential Strategies and Skills,4.805507145346811,English
15,Fundamentals of Project Planning and Management,4.764134275618375,English
16,Project Launch,4.361111111111111,English
17,"Brand Management: Aligning Business, Brand and Behaviour",4.8964252978918426,English
18,Writing in the Sciences,4.919129082426127,English
19,Stanford Introduction to Food and Health,4.693655589123867,English
20,"HTML, CSS, and Javascript for Web Developers",4.758631512868801,English
21,Excel Skills for Business: Essentials,4.888301477565406,English
22,Introduction to Negotiation: A Strategic Playbook for Becoming a Principled and Persuasive Negotiator,4.883429672447013,English
23,"Everyday Excel, Part 1",4.755775577557756,English
24,Learning How to Learn: Powerful mental tools to help you master tough subjects,4.801196192401651,English
25,Google Cloud Platform Fundamentals: Core Infrastructure,4.694018534119629,English
26,Viral Marketing and How to Craft Contagious Content,4.7544128933231,English
27,Python Data Structures,4.849851164419541,English
28,Private Equity and Venture Capital,4.762250453720508,English
29,First Step Korean,4.869848156182212,English
30,"Introduction to TensorFlow for Artificial Intelligence, Machine Learning, and Deep Learning",4.650616332819722,English
31,Operating Systems and You: Becoming a Power User,4.503410641200546,English
32,Tools for Data Science,4.012816072047108,English
33,"Improving Deep Neural Networks: Hyperparameter tuning, Regularization and Optimization",4.801784266017843,English
34,Diversity and inclusion in the workplace,4.658333333333333,English
35,Design and Interpretation of Clinical Trials,4.736730360934183,English
36,Visual Elements of User Interface Design,4.6,English
37,Management of Fashion and Luxury Companies,4.7112970711297075,English
38,Primeros Auxilios Psicológicos (PAP),4.870596959584724,Spanish
39,Social Psychology,4.83453237410072,English
40,Initiating and Planning Projects,4.714285714285714,English
41,Computational Thinking for Problem Solving,4.625482625482626,English
42,Agile with Atlassian Jira,4.663421418636996,English
43,Fundamentals of Graphic Design,4.779751332149201,English
44,Introduction to User Experience Design,4.4774774774774775,English
45,Introduction to Marketing,4.746014877789586,English
46,Python for Data Science and AI,4.291478260869566,English
47,Marketing Analytics,4.660468319559229,English
48,Natural Language Processing with Classification and Vector Spaces,4.402439024390244,English
49,Fundamentals of Quantitative Modeling,4.537007874015748,English
50,How to Manage a Remote Team,5.0,English
51,Mathematics for Machine Learning: Linear Algebra,4.57273280584297,English
52,Introduction to Data Science in Python,4.234324104234528,English
53,Customer Analytics,4.451518119490696,English
54,Introduction to Psychology,4.8815566835871405,English
55,English for Career Development,4.865221808330511,English
56,Global Diplomacy – Diplomacy in the Modern World,4.639322916666667,English
57,Game Theory,,English
58,SQL for Data Science,4.494867639113992,English
59,Write Professional Emails in English,4.801294498381877,English
60,Medical Neuroscience,4.904135338345864,Spanish
61,System Administration and IT Infrastructure Services,4.657158529895776,English
62,International Women's Health and Human Rights,4.884297520661157,English
63,Child Nutrition and Cooking,4.770538243626063,English
64,Understanding the Brain: The Neurobiology of Everyday Life,4.897435897435898,English
65,Introduction to Social Media Marketing,4.8125,English
66,Forensic Accounting and Fraud Examination,4.701030927835052,English
67,Clinical Terminology for International and U.S. Students,4.815461346633416,English
68,Science of Exercise,4.836016096579477,English
69,Digital Product Management: Modern Fundamentals,4.727395411605938,English
70,Data Science Math Skills,4.449943117178612,English
71,Structuring Machine Learning Projects,4.7074718526100305,English
72,An Introduction to American Law,4.835374149659864,English
73,The Strategy of Content Marketing,4.4655172413793105,English
74,Introduction to Cybersecurity Tools & Cyber Attacks,4.274461028192372,English
75,The Data Scientist’s Toolbox,4.4799070076386585,English
76,Animal Behaviour and Welfare,4.8075,English
77,Convolutional Neural Networks in TensorFlow,4.469640644361834,English
78,Positive Psychology: Martin E. P. Seligman’s Visionary Science,4.86144578313253,English
79,Introduction to the Biology of Cancer,4.803427419354839,English
80,Convolutional Neural Networks,3.8553750966744005,English
81,Using Python to Access Web Data,4.714109483423284,English
82,Introductory Human Physiology,4.780250347705146,English
83,Introduction to Systematic Review and Meta-Analysis,4.774250440917108,English
84,Organizational Analysis,,English
85,Communication Strategies for a Virtual Age,4.847319347319347,English
86,Moral Foundations of Politics,4.871060171919771,English
87,Étudier en France: French Intermediate course B1-B2,4.845121951219512,English
88,Managing the Company of the Future,4.842298288508557,English
89,Finance for Non-Finance Professionals,4.814516129032258,English
90,Site Reliability Engineering: Measuring and Managing Reliability,4.163265306122449,English
91,Autism Spectrum Disorder,4.634854771784233,English
92,Data Science Methodology,4.338389731621937,English
93,Introduction to Financial Accounting,4.755240027045301,English
94,Marketing in a Digital World,4.725449335764522,English
95,Wind Energy,4.717252396166134,English
96,Principles of Sustainable Finance,4.833333333333333,English
97,Financial Engineering and Risk Management Part I,4.365196078431373,English
98,Introduction to Philosophy,4.698874917273329,English
99,Business Metrics for Data-Driven Companies,4.5539617486338795,English
100,Python Basics,4.794927853082641,English
101,Introduction to Sustainability,4.769771528998243,English
102,Positive Psychiatry and Mental Health,4.819012797074954,English
103,Cryptography I,4.78486646884273,English
104,Learning to Teach Online,4.786637931034483,English
105,IT Security: Defense against the digital dark arts,4.763485477178423,English
106,Entreprise et changement climatique,5.0,French
107,An Introduction to Consumer Neuroscience & Neuromarketing,4.648648648648648,English
108,Gamification,4.75,English
109,"Divide and Conquer, Sorting and Searching, and Randomized Algorithms",,English
110,Contabilidad para no contadores,4.763168316831683,Spanish
111,Using Python to Interact with the Operating System,4.55049504950495,English
112,Object-Oriented Data Structures in C++,4.608355091383812,English
113,Google Cloud Platform Big Data and Machine Learning Fundamentals,4.553171196948021,English
114,Databases and SQL for Data Science,4.38131122833459,English
115,Natural Language Processing in TensorFlow,4.254062038404727,English
116,"Advanced Valuation and Strategy - M&A, Private Equity, and Venture Capital",4.572192513368984,English
117,Natural Language Processing with Probabilistic Models,4.555555555555555,English
118,Vital Signs: Understanding What the Body Is Telling Us,4.826943005181347,English
119,Understanding Research Methods,4.579588728103579,English
120,IBM Customer Engagement Specialist Professional Certificate,4.811111111111111,English
121,Introduction to Calculus,4.878402903811252,English
122,Camino a la Excelencia en Gestión de Proyectos,4.564367816091954,Spanish
123,Introduction to HTML5,3.9888089528377297,English
124,Wine Tasting: Sensory Techniques for Wine Analysis,4.490384615384615,English
125,Excel Skills for Business: Intermediate I,4.8965360072926165,English
126,"Programming Foundations with JavaScript, HTML and CSS",4.533483146067415,English
127,Build a Modern Computer from First Principles: From Nand to Tetris (Project-Centered Course),4.888130968622101,English
128,Food & Beverage Management,4.815384615384615,English
129,Data Analysis with Python,4.43194925028835,English
130,Project Planning,4.35,English
131,Agile Meets Design Thinking,4.750390015600624,English
132,AWS Fundamentals: Going Cloud-Native,4.680155210643015,English
133,Construction Project Management,4.753846153846154,English
134,Introduction to Mathematical Thinking,4.786036036036036,English
135,Everyday Parenting: The ABCs of Child Rearing,4.929530201342282,English
136,Introduction to Healthcare,4.0,English
137,Machine Learning with Python,4.492443324937028,English
138,Terrorism and Counterterrorism: Comparing Theory and Practice,4.752508361204013,English
139,Data Management for Clinical Research,4.73992673992674,English
140,Sustainable Fashion,4.841269841269841,English
141,Foundations of Data Science: K-Means Clustering in Python,4.6,English
142,Instructional Design Foundations and Applications,3.860215053763441,English
143,Cursos en línea: modelo para armar,4.896551724137931,Spanish
144,Modern Art & Ideas,4.780016792611251,English
145,"Speak English Professionally: In Person, Online & On the Phone",4.749771689497717,English
146,Essential Google Cloud Infrastructure: Foundation,4.707152496626181,English
147,Introduction to Artificial Intelligence (AI),4.737288135593221,English
148,Dog Emotion and Cognition,4.661259541984733,English
149,International Leadership and Organizational Behavior,4.826086956521739,English
150,Driving business towards the Sustainable Development Goals,4.907216494845361,English
151,"The Sustainable Development Goals – A global, transdisciplinary vision for the future",4.794520547945205,English
152,Digital Transformation,4.7994296577946765,English
153,Sequence Models,4.633866481223922,English
154,Devenir entrepreneur du changement,4.745762711864407,French
155,Seeing Through Photographs,4.77599142550911,English
156,Entrepreneurship 1: Developing the Opportunity,4.77906976744186,English
157,Introduction to Search Engine Optimization,4.585099939430648,English
158,Learn to Speak Korean 1,4.896234309623431,English
159,Circular Economy - Sustainable Materials Management,,English
160,Drug Development,4.520766773162939,English
161,R Programming,4.245404868355688,English
162,Economics of Money and Banking,4.887719298245614,English
163,Chinese for Beginners,4.796844181459566,English
164,Grammar and Punctuation,4.75310008857396,English
165,Japanese for beginners 1,3.611111111111111,English
166,Introduction to English Common Law,4.8392156862745095,English
167,Introduction to Dental Medicine,4.8530805687203795,English
168,Fundamentals of Reinforcement Learning,4.689655172413793,English
169,The Power of Macroeconomics: Economic Principles in the Real World,4.619047619047619,English
170,Corporate Sustainability. Understanding and Seizing the Strategic Opportunity,4.633333333333334,English
171,Behavioral Finance,4.124386252045826,English
172,"Sequences, Time Series and Prediction",4.453815261044177,English
173,Supply Chain Logistics,4.710656316160903,English
174,Project Execution,3.7222222222222223,Romanian
175,Nutrición y obesidad: control de sobrepeso,4.789231779382797,Spanish
176,Microeconomics Principles,4.8293333333333335,English
177,Creative Writing: The Craft of Plot,4.648854961832061,English
178,Astronomy: Exploring Time and Space,4.883544303797469,English
179,Oil & Gas Industry Operations and Markets,4.823214285714286,English
180,Design Thinking for Innovation,4.667032364234778,English
181,EDIVET: Do you have what it takes to be a veterinarian?,4.762755102040816,English
182,Learn to Program: The Fundamentals,4.734966592427617,English
183,Financial Accounting Fundamentals,4.837772397094431,English
184,Finding Purpose and Meaning In Life: Living for What Matters Most,4.795221843003413,English
185,Understanding Clinical Research: Behind the Statistics,4.8317460317460315,English
186,Epidemiology: The Basic Science of Public Health,4.6520710059171595,English
187,Fashion as Design,4.8279773156899815,English
188,Teamwork Skills: Communicating Effectively in Groups,4.772954924874791,English
189,Feminism and Social Justice,4.818998716302953,English
190,International Organizations Management,4.801418439716312,English
191,Marketing Digital,4.709976798143852,English
192,Fundamentals of GIS,4.852253756260434,English
193,e-Learning Ecologies: Innovative Approaches to Teaching and Learning for the Digital Age,4.542168674698795,English
194,"Excel/VBA for Creative Problem Solving, Part 1",4.817808219178082,English
195,Rethinking International Tax Law,4.854460093896714,English
196,Introduction to Probability and Data with R,4.599605522682446,English
197,Understanding and Visualizing Data with Python,4.542207792207792,English
198,Fundamentals of Visualization with Tableau,4.304393305439331,English
199,Getting Started with SAS Programming,4.8808777429467085,English
200,Machine Learning for All,4.675814751286449,English
201,Using Databases with Python,4.7011922503725785,English
202,Addiction Treatment: Clinical Skills for Healthcare Providers,4.924812030075188,English
203,Dino 101: Dinosaur Paleobiology,4.9221476510067115,English
204,Sports Marketing,4.699074074074074,English
205,Positive Psychology,4.659316427783903,English
206,Introduction to Programming with MATLAB,4.811858974358974,English
207,Preparing to Manage Human Resources,4.835942818243703,English
208,Solar Energy Basics,4.767726161369193,English
209,Front-End Web UI Frameworks and Tools: Bootstrap 4,4.813981762917933,English
210,Building Scalable Java Microservices with Spring Boot and Spring Cloud,3.94300518134715,English
211,Introduction to Forensic Science,4.84593023255814,English
212,Google Cloud Product Fundamentals,4.619565217391305,English
213,American Contract Law I,4.852941176470588,English
214,Engineering Health: Introduction to Yoga and Physiology,4.701298701298701,English
215,AI for Medical Diagnosis,4.583657587548638,English
216,Natural Language Processing with Sequence Models,3.967741935483871,English
217,Introduction to Electronics,4.671309192200557,English
218,International Humanitarian Law in Theory and Practice,4.842931937172775,English
219,Making Architecture,4.823275862068965,English
220,Model Thinking,4.772251308900524,English
221,Supporting children with difficulties in reading and writing,4.747282608695652,English
222,Innovation Management,4.636075949367089,English
223,The Manager's Toolkit: A Practical Guide to Managing People at Work,4.6328125,English
224,"The Modern World, Part One: Global History from 1760 to 1910",4.815175097276264,English
225,Fundamentals of Music Theory,,English
226,Supply Chain Principles,4.561933534743202,English
227,Essential Google Cloud Infrastructure: Core Services,4.650331125827814,French
228,Weight Management: Beyond Balancing Calories,4.73936170212766,English
229,Miracles of Human Language: An Introduction to Linguistics,4.666666666666667,English
230,Java Programming: Solving Problems with Software,4.435828877005347,English
231,Race and Cultural Diversity in American Life and History,4.510204081632653,English
232,Inspiring and Motivating Individuals,4.828644501278772,English
233,"Competencias digitales. Herramientas de ofimática (Microsoft Word, Excel, Power Point)",4.7855855855855856,Spanish
234,Healing with the Arts,4.716814159292035,English
235,People Analytics,4.511758118701008,English
236,What is Social?,4.5860517435320585,English
237,UX Design Fundamentals,4.767068273092369,English
238,Creative Thinking: Techniques and Tools for Success,4.746987951807229,English
239,Introduction to Classical Music,4.909090909090909,English
240,Children's Human Rights - An Interdisciplinary Introduction,4.627976190476191,English
241,Investment Management in an Evolving and Volatile World by HEC Paris and AXA Investment Managers,4.488188976377953,English
242,Introduction to Data Analysis Using Excel,4.675745784695201,English
243,Mind Control: Managing Your Mental Health During COVID-19,4.818545697131421,English
244,Introduction to International Criminal Law,4.835548172757475,English
245,"FinTech: Foundations, Payments, and Regulations",4.57037037037037,English
246,Greek and Roman Mythology,4.775743707093821,English
247,Politics and Economics of International Energy,4.720125786163522,English
248,Continuous Delivery & DevOps,4.548523206751055,English
249,Teach English Now! Foundational Principles,4.91411501120239,English
250,Business Model Innovation,4.734939759036145,English
251,Introduction to User Experience Principles and Processes,4.7591623036649215,English
252,Beyond the Sustainable Development Goals (SDGs): Addressing Sustainability and Development,4.672413793103448,English
253,Process Mining: Data science in Action,4.68,English
254,Fundamentals of Immunology: Innate Immunity and B-Cell Function,4.758620689655173,English
255,Introduction to Corporate Finance,4.437118437118437,English
256,Global Diplomacy: the United Nations in the World,4.679310344827586,English
257,Algorithmic Toolbox,4.535564853556485,English
258,Troubles du spectre de l'autisme : diagnostic,4.872340425531915,French
259,Anatomy: Musculoskeletal and Integumentary Systems,4.808764940239044,English
260,Unraveling the Cycling City,,English
261,A Crash Course in Causality:  Inferring Causal Effects from Observational Data,4.619565217391305,English
262,English for Business and Entrepreneurship,4.877737226277373,English
263,Natural Language Processing with Attention Models,3.2857142857142856,English
264,What is Compliance?,4.798319327731092,English
265,Getting Started with Google Sheets,4.562162162162162,English
266,Data Visualization with Python,4.045252883762201,English
267,Foundations of Mindfulness,4.82051282051282,English
268,Negociación exitosa: Estrategias y habilidades esenciales (en español),4.818181818181818,Spanish
269,Data-driven Decision Making,4.5073995771670194,English
270,Fundamentals of Engineering Exam Review,4.393939393939394,English
271,Gender and Sexuality: Diversity and Inclusion in the Workplace,4.650406504065041,English
272,Managerial Accounting Fundamentals,4.87012987012987,English
273,Search Engine Optimization Fundamentals,4.719745222929936,English
274,Essentials of Global Health,4.857651245551601,English
275,International Security Management,4.658227848101266,English
276,Getting Started with AWS Machine Learning,4.413344887348353,English
277,Arts and Heritage Management,4.793478260869565,English
278,Understanding Einstein: The Special Theory of Relativity,4.899135446685879,English
279,Réussir le Changement,4.394009216589862,French
280,Equine Welfare and Management,4.892857142857143,English
281,International migrations: a global issue,4.316666666666666,English
282,Introduction to Web Development,4.65335463258786,English
283,Writing and Editing: Word Choice and Word Order,4.742857142857143,English
284,Introduction to the Digital Advertising Landscape,4.488888888888889,English
285,Access Controls,4.466666666666667,English
286,Engineering Project Management: Initiating and Planning,4.764331210191083,English
287,Kotlin for Java Developers,4.557632398753894,English
288,Mathematics for Machine Learning: Multivariate Calculus,4.642241379310345,English
289,Introduction to Git and GitHub,4.791848617176128,English
290,Industrial Biotechnology,4.587743732590529,English
291,The Addicted Brain,4.5479452054794525,English
292,Introducción a la programación en Python I: Aprendiendo a programar con Python,4.205154639175258,Spanish
293,Modernizing Data Lakes and Data Warehouses with GCP,4.604444444444445,English
294,Drug Discovery,4.580310880829016,English
295,Nutrition and Lifestyle in Pregnancy,4.763440860215054,English
296,Financial Acumen for Non-Financial Managers,4.252336448598131,English
297,Python and Statistics for Financial Analysis,4.270022883295194,English
298,Bugs 101: Insect-Human Interactions,4.962962962962963,English
299,Autodesk Certified Professional: Revit for Architectural Design Exam Prep,4.672897196261682,English
300,"Leading for Equity, Diversity and Inclusion in Higher Education",4.7105263157894735,English
301,Digital Media and Marketing Strategies,,English
302,Enterprise Architecture,4.545454545454546,English
303,Introduction to Spreadsheets and Models,3.6188811188811187,English
304,The Arts and Science of Relationships: Understanding Human Needs,4.431095406360424,English
305,Essentials in Clinical Simulations Across the Health Professions,4.8164556962025316,English
306,Budgeting and Scheduling Projects,4.7305524239007894,English
307,Machine Learning for Business Professionals,4.574370709382151,English
308,Introduction to Accounting Data Analytics and Visualization,4.883720930232558,English
309,Spanish Vocabulary: Meeting People,4.518828451882845,English
310,Gestión Empresarial Exitosa para Pymes,4.8560090702947845,Spanish
311,Public Policy Challenges of the 21st Century,4.5661764705882355,English
312,International Law in Action: the Arbitration of International Disputes,4.852941176470588,English
313,Introduction to Ancient Egypt and Its Civilization,4.616487455197133,English
314,Financing and Investing in Infrastructure,4.842696629213483,English
315,Global Environmental Management,4.657243816254417,English
316,Operations Analytics,4.660240963855422,English
317,Entrepreneurship Strategy: From Ideation to Exit,1.0,English
318,FinTech Law and Policy,4.825688073394495,English
319,The Social Context of Mental Health and Illness,4.614457831325301,English
320,What Is Contemporary Art?,4.7534246575342465,English
321,The Art of Music Production,4.82830626450116,English
322,Biohacking Your Brain's Health,4.70042194092827,English
323,Bayesian Statistics: From Concept to Data Analysis,4.4484375,English
324,Reporting extra-financier et stratégie RSE,4.6415094339622645,French
325,Leading Healthcare Quality and Safety,4.78494623655914,English
326,Understanding International Relations Theory,4.59433962264151,English
327,Introduction to Data Analytics,4.777777777777778,English
328,Fundamentos de Excel para Negocios,4.8064,Spanish
329,Elastic Google Cloud Infrastructure: Scaling and Automation,4.581430745814307,English
330,Cultural Competence - Aboriginal Sydney,4.75,English
331,Fundamentos de Finanzas Empresariales,4.898058252427185,Spanish
332,Greening the Economy: Sustainable Cities,4.59463986599665,English
333,Introduction to Engineering Mechanics,4.764383561643836,English
334,Design-Led Strategy: Design thinking for business strategy and entrepreneurship,4.622222222222222,English
335,Biology Meets Programming: Bioinformatics for Beginners,4.061889250814332,English
336,Understanding Medical Research: Your Facebook Friend is Wrong,4.925093632958801,English
337,Health Behavior Change: From Evidence to Action,4.925925925925926,English
338,Ordered Data Structures,4.670103092783505,English
339,Mindshift: Break Through Obstacles to Learning and Discover Your Hidden Potential,4.842684268426843,English
340,Programming Fundamentals,4.643485211830535,English
341,Understanding Financial Markets,4.703271028037383,English
342,In the Studio: Postwar Abstract Painting,4.921739130434783,English
343,Drug Commercialization,4.6092715231788075,English
344,Introduction to Software Product Management,4.548746518105849,English
345,"Social Norms, Social Change I",4.6061381074168795,English
346,Excel Skills for Business: Intermediate II,4.731417244796829,English
347,Aboriginal Worldviews and Education,4.552238805970149,English
348,"Information Systems Auditing, Controls and Assurance",4.700440528634362,English
349,Six Sigma Principles,4.529531568228106,English
350,Business Writing,4.818742293464858,English
351,Autodesk Certified Professional: AutoCAD for Design and Drafting Exam Prep,4.728971962616822,English
352,Introduction to Typography,4.762962962962963,English
353,Customer Segmentation and Prospecting,4.722222222222222,English
354,Claves para Gestionar Personas,4.84984520123839,Spanish
355,English for Journalism,4.819536423841059,English
356,How Things Work: An Introduction to Physics,4.808064516129032,English
357,Business English: Networking,4.801047120418848,English
358,Summary Statistics in Public Health,4.793991416309013,English
359,The Changing Global Order,,English
360,Global Energy and Climate Policy,4.621359223300971,English
361,El Abogado del Futuro: Legaltech y la Transformación Digital del Derecho,4.968,Spanish
362,Probability and Statistics: To p or not to p?,4.669642857142857,English
363,Gut Check: Exploring Your Microbiome,4.7370517928286855,English
364,Econometrics: Methods and Applications,4.465,English
365,Разработка веб-сервисов на Go - основы языка,4.691489361702128,Russian
366,Mastering Data Analysis in Excel,3.71267252195734,English
367,Basic Statistics,4.589435774309724,English
368,"Capstone: Retrieving, Processing, and Visualizing Data with Python",4.508108108108108,English
369,Design Thinking for the Greater Good: Innovation in the Social Sector,4.583333333333333,English
370,Introduction to Portfolio Construction and Analysis with Python,4.769230769230769,English
371,Data Analytics for Lean Six Sigma,4.87481590574374,English
372,Refugees in the 21st Century,4.816666666666666,English
373,Building Containerized Applications on AWS,4.318181818181818,English
374,Business Transformation with Google Cloud,4.718232044198895,English
375,Version Control with Git,4.747323340471092,English
376,"Transmedia Storytelling: Narrative worlds, emerging technologies, and global audiences",4.715976331360947,English
377,Excel aplicado a los negocios (Nivel Avanzado),4.719626168224299,Spanish
378,Introduction to Public Speaking,4.812807881773399,English
379,Building Conversational Experiences with Dialogflow,4.2314410480349345,English
380,Guitar for Beginners,4.726591760299626,English
381,Managing Project Risks and Changes,4.774352651048089,English
382,L'excellence opérationnelle en pratique,4.73469387755102,French
383,Introduction to Cloud Computing,4.819277108433735,English
384,Sample-based Learning Methods,4.449664429530201,English
385,Functional Programming Principles in Scala,4.719163763066202,English
386,Introduction to Blockchain Technologies,4.711920529801325,English
387,Introduction to Environmental Law and Policy,4.871892925430211,English
388,"Cameras, Exposure, and Photography",4.727357609710551,English
389,Democracia y decisiones públicas. Introducción al análisis de políticas públicas,4.860091743119266,Spanish
390,Dentistry 101,4.84375,English
391,"Python Functions, Files, and Dictionaries",4.805607476635514,English
392,Anticorrupción: Introducción a conceptos y perspectiva práctica,4.851948051948052,Spanish
393,Positive Psychology: Applications and Interventions,4.741206030150754,English
394,Introduction to Embedded Systems Software and Development Environments,4.275229357798165,English
395,Personal & Family Financial Planning,4.605263157894737,English
396,A Law Student's Toolkit,4.680412371134021,English
397,Introducción a Data Science: Programación Estadística con R,4.732971165900543,Spanish
398,"Cybersecurity Roles, Processes & Operating System Security",4.406976744186046,English
399,Computational Neuroscience,4.53932584269663,English
400,De-Mystifying Mindfulness,,English
401,Smart Cities – Management of Smart Urban Infrastructures,4.594594594594595,English
402,Getting Started with Go,4.404458598726115,English
403,Introduction to Economic Theories,4.136363636363637,English
404,Probabilistic Graphical Models 1: Representation,,English
405,The Power of Microeconomics: Economic Principles in the Real World,4.62962962962963,English
406,Introduction to Personal Branding,4.447368421052632,English
407,Love as a Force for Social Justice,4.712328767123288,English
408,Mathematical Thinking in Computer Science,4.246458923512748,English
409,Introduction to Genetics and Evolution,4.840304182509506,English
410,Основы программирования на Python,4.293893129770993,Russian
411,Improving Communication Skills,4.7,English
412,"Introduction to Trading, Machine Learning & GCP",3.463768115942029,English
413,Python Programming: A Concise Introduction,4.661498708010336,English
414,"The Modern World, Part Two: Global History since 1910",4.793103448275862,English
415,Understanding Plants - Part I: What a Plant Knows,4.825958702064897,English
416,Excel Fundamentals for Data Analysis,4.587628865979381,English
417,Finanzas personales,4.803474903474903,Spanish
418,English Composition I,4.569832402234637,English
419,Career 911: Your Future Job in Medicine and Healthcare,4.2727272727272725,English
420,Introduction to Self-Driving Cars,4.647590361445783,English
421,Corporate & Commercial Law I: Contracts & Employment Law,4.842592592592593,English
422,Blockchain Basics,4.503150315031503,English
423,Foundations of Business Strategy,4.795154185022026,English
424,Introdução à Ciência da Computação com Python Parte 1,4.86892177589852,Portuguese
425,Stochastic processes,4.168674698795181,English
426,Foundations for Big Data Analysis with SQL,4.8152866242038215,English
427,"Innovation Through Design: Think, Make, Break, Repeat",4.757894736842105,English
428,Perfect Tenses and Modals,4.807162534435261,English
429,Getting Started with Azure,4.285714285714286,English
430,Moralities of Everyday Life,4.840909090909091,English
431,Revisão Sistemática e Meta-análise,4.9211087420042645,Portuguese
432,Understanding child development: from synapse to society,4.636363636363637,English
433,Introduction to G Suite,4.619596541786744,English
434,Aprendiendo a aprender: Poderosas herramientas mentales con las que podrás dominar temas difíciles (Learning How to Learn),4.919417475728156,Spanish
435,Building Batch Data Pipelines on GCP,4.255813953488372,English
436,Financial Planning for Young Adults,4.414634146341464,English
437,Quantitative Methods,4.7132743362831855,English
438,"Introduction to Self-Determination Theory: An approach to motivation, development and wellness",4.921052631578948,English
439,The Technology of Music Production,4.851063829787234,English
440,Code Yourself! An Introduction to Programming,4.800595238095238,English
441,Success,4.902985074626866,English
442,Chemicals and Health,4.790816326530612,English
443,Improving your statistical inferences,4.887179487179488,English
444,Fundamentals of Finance,3.888888888888889,English
445,How Google does Machine Learning,4.487019730010384,English
446,Object-Oriented Design,4.542553191489362,English
447,Introduction to Intellectual Property,4.753086419753086,English
448,Cost and Economics in Pricing Strategy,4.810344827586207,English
449,Write A Feature Length Screenplay For Film Or Television,4.625,English
450,Marketing Gerencial,4.722745625841184,English
451,Corporate Finance Essentials,4.855652173913043,English
452,Information Security: Context and Introduction,4.65406976744186,English
453,"Anatomy of the Chest, Abdomen, and Pelvis",4.802631578947368,English
454,Introduction to CSS3,4.790759075907591,English
455,Applied Data Science Capstone,4.509466437177281,English
456,Introduction aux Droits de l’Homme,4.858173076923077,French
457,"Programming Languages, Part A",4.918575063613232,English
458,Big History: Connecting Knowledge,4.786096256684492,English
459,Leadership in 21st Century Organizations,4.745762711864407,English
460,Software Processes and Agile Practices,4.6747352496217855,English
461,DevOps Culture and Mindset,4.8108108108108105,English
462,Introduction to Statistics & Data Analysis in Public Health,4.67515923566879,English
463,Discrete Optimization,4.833333333333333,Romanian
464,Основы разработки на C++: белый пояс,4.729651162790698,Russian
465,COVID-19 Contact Tracing For Nursing Professionals,4.428571428571429,English
466,High Stakes Leadership: Leading in Times of Crisis,4.777777777777778,English
467,Essential Epidemiologic Tools for Public Health Practice,4.635371179039302,English
468,Epigenetic Control of Gene Expression,1.0,English
469,"Recruiting, Hiring, and Onboarding Employees",3.84375,English
470,AWS Fundamentals: Addressing Security Risk,4.162698412698413,English
471,Ancient Philosophy: Plato & His Predecessors,4.052631578947368,English
472,Becoming a changemaker: Introduction to Social Innovation,4.241379310344827,English
473,Spanish for Successful Communication in Healthcare Settings,4.0,English
474,Leading transformations: Manage change,4.3090909090909095,English
475,Introduction to Systems Engineering,4.7317073170731705,English
476,Digital Marketing Analytics in Theory,,English
477,Data Visualization and Communication with Tableau,,English
478,Bayesian Statistics: Techniques and Models,4.757009345794392,English
479,Human Rights for Open Societies,4.767123287671233,English
480,Introduction to Computers and Office Productivity Software,4.6,English
481,The Introduction to Quantum Computing,3.2045454545454546,English
482,Intercultural Management,4.444444444444445,Romanian
483,Get Interactive: Practical Teaching with Technology,4.780898876404494,English
484,International Law In Action: Investigating and Prosecuting International Crimes,,English
485,Global Financial Markets and Instruments,4.307984790874524,English
486,Write Your First Novel,3.85,English
487,Développement psychologique de l'enfant,4.91588785046729,French
488,Songwriting: Writing the Lyrics,4.75,English
489,"Applied Plotting, Charting & Data Representation in Python",4.339160839160839,English
490,Systems Thinking In Public Health,4.513888888888889,English
491,Excel Skills for Business: Advanced,4.6825,English
492,Introduction to Neuroeconomics: How the Brain Makes Decisions,4.612903225806452,English
493,Community Organizing for Social Justice,4.53125,English
494,Build a Modern Computer from First Principles: Nand to Tetris Part II (project-centered course),4.956989247311828,English
495,The Global Financial Crisis,4.8557457212713935,English
496,Agile и Scrum в работе над проектами и продуктами,4.7272727272727275,Russian
497,Renewable Energy and Green Building Entrepreneurship,4.714652956298201,English
498,The Cycle: Management of Successful Arts and Cultural Organizations,4.861111111111111,English
499,Privacy Law and Data Protection,4.78125,English
500,Building Modern Python Applications on AWS,5.0,English
501,Digital Business Models,4.495412844036697,English
502,"Everyday Excel, Part 2",4.95,English
503,Reliable Google Cloud Infrastructure: Design and Process,4.653916211293261,English
504,Introduction to Computer Programming,3.920289855072464,English
505,"Big Data Essentials: HDFS, MapReduce and Spark RDD",3.484126984126984,English
506,Dermatology: Trip to skin,4.077922077922078,English
507,Sustainable Tourism – promoting environmental public health,4.5041322314049586,English
508,Population Health During A Pandemic: Contact Tracing and Beyond,4.796610169491525,English
509,Social Impact Strategy: Tools for Entrepreneurs and Innovators,4.855263157894737,English
510,C for Everyone: Programming Fundamentals,4.546318289786223,English
511,Introduction to Structured Query Language (SQL),4.739130434782608,English
512,Social and Economic Networks:  Models and Analysis,1.0,English
513,The Truth About Cats and Dogs,4.769953051643192,English
514,Sports and Society,4.87962962962963,English
515,Fundamentals of Scalable Data Science,4.0,English
516,Effective Compliance Programs,4.90566037735849,English
517,Transformation of the Global Food System,4.830985915492958,English
518,Web Application Technologies and Django,4.628787878787879,English
519,Curanderismo: Traditional Healing Using Plants,1.0,English
520,Applied Machine Learning in Python,4.488471391972673,English
521,Troubleshooting and Debugging Techniques,4.189944134078212,English
522,Introduction to C# Programming and Unity,4.672544080604534,English
523,"Corrección, estilo y  variaciones de la lengua española",4.736413043478261,Spanish
524,Les Fondamentaux de la Négociation,4.863013698630137,French
525,Introduction to Clinical Data,,English
526,The Science of Success: What Researchers Know that You Should Know,4.848101265822785,English
527,Finance for Non-Financial Managers,4.130434782608695,English
528,Getting Started With Music Theory,4.263736263736264,English
529,Digital Marketing Analytics in Practice,,English
530,The Horse Course: Introduction to Basic Care and Management,4.907407407407407,English
531,Verb Tenses and Passives,4.736363636363636,English
532,Gestión de organizaciones efectivas,4.7560975609756095,Spanish
533,Introduction to Big Data,4.567393458870169,English
534,Rédaction de contrats,4.843971631205674,French
535,Philosophy and the Sciences: Introduction to the Philosophy of Cognitive Sciences,4.552511415525114,English
536,Schizophrenia,4.7040358744394615,English
537,Ecology: Ecosystem Dynamics and Conservation,4.852362204724409,English
538,Introduction to Game Development,4.751980982567353,English
539,Practical Time Series Analysis,4.461290322580645,English
540,VLSI CAD Part I: Logic,4.723684210526316,English
541,Getting Started with Google Kubernetes Engine,4.245696400625978,English
542,Exploring ​and ​Preparing ​your ​Data with BigQuery,4.4573170731707314,English
543,Six Sigma and the Organization (Advanced),4.711822660098522,English
544,Social Work Practice: Advocating Social Justice and Change,4.8,English
545,Introduction to Machine Learning,4.655813953488372,English
546,Entrepreneurship 2: Launching your Start-Up,4.778761061946903,English
547,Nanotechnology: A Maker’s Course,4.84,English
548,Creative Problem Solving,4.456140350877193,English
549,"Sleep: Neurobiology, Medicine, and Society",4.694444444444445,English
550,COVID-19: What You Need to Know (CME Eligible),4.838901262063845,English
551,Classical Sociological Theory,4.867961165048544,English
552,Electric Industry Operations and Markets,4.682926829268292,English
553,Preparing for the Google Cloud Professional Cloud Architect Exam,4.443037974683544,English
554,Effective Business Presentations with Powerpoint,4.575949367088608,English
555,More Introduction to Financial Accounting,4.810526315789474,English
556,Cryptocurrency and Blockchain: An Introduction to Digital Currencies,4.484615384615385,English
557,Dairy Production and Management,,English
558,Think Again I: How to Understand Arguments,4.5969125214408235,English
559,Developing Your Musicianship,4.84789644012945,English
560,Introduction to Operations Management,4.297008547008547,English
561,The Oral Cavity: Portal to Health and Disease,4.923913043478261,English
562,Preparing for the Google Cloud Associate Cloud Engineer Exam,4.53784860557769,English
563,Fundamental Neuroscience for Neuroimaging,4.639498432601881,English
564,European Business Law: Understanding the Fundamentals,4.709219858156028,English
565,Teach English Now! Teaching Language Online,4.544303797468355,English
566,Front-End Web Development with React,4.602787456445993,English
567,Music Business Foundations,4.856209150326797,English
568,Introduction to Business Analytics: Communicating with Data,4.563106796116505,English
569,Security & Safety Challenges in a Globalized World,,English
570,Machine Learning Foundations: A Case Study Approach,4.487741456166419,English
571,Accounting Analytics,4.395299145299146,English
572,Strategic Business Management - Microeconomics,4.75,English
573,"Epidemics, Pandemics and Outbreaks",4.737179487179487,English
574,Roman Architecture,4.850393700787402,Romanian
575,Research Data Management and Sharing,4.6875,English
576,Introduction to Genomic Technologies,4.477894736842106,English
577,Strategic Management,4.785333333333333,English
578,Cybersecurity Compliance Framework & System Administration,4.511363636363637,English
579,Legal Tech & Startups,4.386363636363637,English
580,Introduction to Chemistry:  Reactions and Ratios,4.825842696629214,English
581,The Science of Stem Cells,4.734177215189874,English
582,The Business of Product Management I,4.6,English
583,Positive Psychology: Resilience Skills,4.886409736308316,English
584,AI for Medical Prognosis,4.747126436781609,English
585,Antibiotic Stewardship,4.1891891891891895,English
586,UX / UI: Fundamentos para o design de interface,4.341269841269841,Spanish
587,EMT Foundations,4.844262295081967,English
588,Industrial IoT on Google Cloud Platform,4.5316239316239315,English
589,"Penetration Testing, Incident Response and Forensics",4.435294117647059,English
590,Database Management Essentials,4.479629629629629,English
591,Advertising and Society,4.805369127516778,English
592,Everyday Chinese Medicine,4.709302325581396,English
593,Fundamentals of Machine Learning for Healthcare,4.9,English
594,New Approaches to Countering Terror: Countering Violent Extremism,4.84,English
595,Magic in the Middle Ages,4.54353562005277,English
596,Challenging Forensic Science: How Science Should Speak to Court,4.850746268656716,English
597,Exploring Renewable Energy Schemes,4.790322580645161,English
598,Paleontology: Theropod Dinosaurs and the Origin of Birds,4.907407407407407,English
599,Corporate Strategy,4.875,English
600,Getting Started with Essay Writing,4.673352435530086,English
601,Actualización en el manejo del paciente con diabetes mellitus tipo 2,4.845849802371541,Spanish
602,Mastering Final Cut Pro,4.45945945945946,English
603,Removing Barriers to Change,5.0,English
604,Tricky American English Pronunciation,4.740924092409241,English
605,Managing an Agile Team,4.65625,English
606,International Law in Action: A Guide to the International Courts and Tribunals in The Hague,4.751412429378531,English
607,"Competencias Laborales: Perfiles, Evaluación y Capacitación.",4.310344827586207,Spanish
608,Getting started with TensorFlow 2,4.882352941176471,English
609,Geopolitics of Europe,3.7349397590361444,English
610,Osteoarchaeology: The Truth in Our Bones,4.580645161290323,English
611,Mathematics for Machine Learning: PCA,3.4482758620689653,English
612,Object Oriented Programming in Java,4.66890756302521,English
613,Embedded Software and Hardware Architecture,4.368421052631579,English
614,Memoir and Personal Essay: Managing Your Relationship with the Reader,4.258620689655173,English
615,Математика и Python для анализа данных,4.627403846153846,Russian
616,Hacia una práctica constructivista en el aula,4.905096660808436,Spanish
617,Hypothesis-Driven Development,4.5,English
618,Accounting Data Analytics with Python,3.5,English
619,Introduction to Molecular Spectroscopy,4.607843137254902,English
620,Managing as a Coach,4.73404255319149,English
621,The fundamentals of hotel distribution,,English
622,A Crash Course in Data Science,,English
